12개월누적수익률(퍼센트),1개월누적수익률(퍼센트),3개월누적수익률(퍼센트),6개월누적수익률(퍼센트),상품명,선취수수료(퍼센트),운용사명,총보수(퍼센트),펀드등급,펀드유형
"-3.45","8.85","6.70","0.78","iM에셋월드광업주H(주식-재간접)A","1.0000","iM에셋자산운용(구 하이)","1.560",1,"재간접투자"
"-3.93","8.81","6.57","0.53","iM에셋월드광업주H(주식-재간접)C1","0.0000","iM에셋자산운용(구 하이)","2.060",1,"재간접투자"
"-3.54","8.84","6.67","0.73","iM에셋월드광업주H(주식-재간접)Ce","0.0000","iM에셋자산운용(구 하이)","1.660",1,"재간접투자"
"-2.47","8.93","6.96","1.28","iM에셋월드광업주H(주식-재간접)C-W","0.0000","iM에셋자산운용(구 하이)","0.580",1,"재간접투자"
"-3.05","8.88","6.80","0.98","iM에셋월드광업주H(주식-재간접)C-p","0.0000","iM에셋자산운용(구 하이)","1.160",1,"재간접투자"
"-2.75","8.90","6.88","1.13","iM에셋월드광업주H(주식-재간접)C-pe","0.0000","iM에셋자산운용(구 하이)","0.860",1,"재간접투자"
"21.90","6.95","10.68","7.22","교보파워인덱스(주식-파생형)A","1.0000","교보악사자산운용","0.760",2,"파생상품"
"22.45","6.98","10.81","7.47","교보파워인덱스(주식-파생형)Ae","0.5000","교보악사자산운용","0.300",2,"파생상품"
"8.57","3.22","5.82","5.01","교보악사투모로우장기우량증권A","0.0200","교보악사자산운용","0.119",5,"채권형"
"19.65","7.00","10.85","7.54","교보파워인덱스(주식-파생형)B","0.0300","교보악사자산운용","0.159",2,"파생상품"
"19.65","7.00","10.85","7.54","교보파워인덱스(주식-파생형)A2","0.0300","교보악사자산운용","0.159",2,"파생상품"
"8.36","3.21","5.77","4.91","교보악사투모로우장기우량증권A2","0.3000","교보악사자산운용","0.319",5,"채권형"
"8.25","3.20","5.75","4.86","교보악사투모로우장기우량증권C1","0.0000","교보악사자산운용","0.419",5,"채권형"
"8.41","3.21","5.79","4.93","교보악사투모로우장기우량증권CE","0.0000","교보악사자산운용","0.269",5,"채권형"
"8.31","3.20","5.76","4.88","교보악사투모로우장기우량C-P2","0.0000","교보악사자산운용","0.369",5,"채권형"
"22.02","6.95","10.71","7.27","교보파워인덱스(주식파생)C-P2","0.0000","교보악사자산운용","0.660",2,"파생상품"
"8.57","3.22","5.82","5.01","교보악사투모로우장기우량증권C-W","0.0000","교보악사자산운용","0.119",5,"채권형"
"22.62","7.00","10.85","7.54","교보파워인덱스(주식-파생형)C-W","0.0000","교보악사자산운용","0.159",2,"파생상품"
"8.44","3.21","5.79","4.95","교보악사투모로우장기우량C-P2e","0.0000","교보악사자산운용","0.239",5,"채권형"
"21.42","6.91","10.57","7.01","교보파워인덱스(주식-파생형)C","0.0000","교보악사자산운용","1.160",2,"파생상품"
"22.02","6.95","10.71","7.27","교보파워인덱스(주식-파생형)Ce","0.0000","교보악사자산운용","0.660",2,"파생상품"
"22.32","6.98","10.78","7.41","교보파워인덱스(주식파생)C-P2e","0.0000","교보악사자산운용","0.409",2,"파생상품"
"8.47","3.21","5.80","4.96","교보악사투모로우장기우량증권Ae","0.1500","교보악사자산운용","0.219",5,"채권형"
"40.24","2.35","5.25","-0.21","다올VIP스타셀렉션증권형(주식)A","1.0000","다올자산운용","1.430",2,"주식형"
"39.97","2.34","5.20","-0.31","다올VIP스타셀렉션증권형(주식)Ce","0.0000","다올자산운용","1.630",2,"주식형"
"47.88","3.33","12.71","9.18","다올글로벌빅테크1등주증권(주식)A","1.0000","다올자산운용","1.440",2,"주식형"
"48.38","3.36","12.81","9.37","다올글로벌빅테크1등주증권(주식)Ae","0.5000","다올자산운용","1.090",2,"주식형"
"47.04","3.28","12.55","8.85","다올글로벌빅테크1등주증권(주식)C","0.0000","다올자산운용","2.040",2,"주식형"
"48.16","3.34","12.77","9.28","다올글로벌빅테크1등주증권(주식)Ce","0.0000","다올자산운용","1.240",2,"주식형"
"47.60","3.31","12.66","9.07","다올글로벌빅테크1등주증권(주식)C-P","0.0000","다올자산운용","1.640",2,"주식형"
"48.24","3.35","12.78","9.31","다올글로벌빅테크1등주증권(주식)C-Pe","0.0000","다올자산운용","1.190",2,"주식형"
"9.77","5.18","8.05","-0.63","다올코스닥벤처증권투자신탁(주혼)A","1.0000","다올자산운용","1.145",2,"주식혼합형"
"10.04","5.20","8.12","-0.50","다올코스닥벤처증권투자신탁(주혼)Ae","0.5000","다올자산운용","0.895",2,"주식혼합형"
"0.00","0.00","0.00","0.00","다올코스닥벤처증권투자신탁(주혼)Ag","0.5000","다올자산운용","0.995",2,"주식혼합형"
"9.33","5.14","7.94","-0.83","다올코스닥벤처증권투자신탁(주혼)C","0.0000","다올자산운용","1.545",2,"주식혼합형"
"9.82","5.18","8.06","-0.60","다올코스닥벤처증권투자신탁(주혼)Ce","0.0000","다올자산운용","1.095",2,"주식혼합형"
"9.26","2.76","4.45","5.28","다올공모주10증권투자신탁[채권혼합]A","0.4000","다올자산운용","0.800",5,"채권혼합형"
"9.48","2.78","4.50","5.38","다올공모주10증권투자신탁[채권혼합]Ae","0.2000","다올자산운용","0.600",5,"채권혼합형"
"8.83","2.73","4.34","5.07","다올공모주10증권투자신탁[채권혼합]C","0.0000","다올자산운용","1.200",5,"채권혼합형"
"9.26","2.76","4.45","5.28","다올공모주10증권투자신탁[채권혼합]Ce","0.0000","다올자산운용","0.800",5,"채권혼합형"
"9.70","2.79","4.55","5.49","다올공모주10증권투자신탁[채권혼합]CW","0.0000","다올자산운용","0.400",5,"채권혼합형"
"0.00","2.32","5.15","-0.29","다올VIP스타셀렉션청년형(주식)C","0.0000","다올자산운용","1.617",2,"주식형"
"0.00","2.36","5.27","-0.06","다올VIP스타셀렉션청년형(주식)Ce","0.0000","다올자산운용","1.167",2,"주식형"
"25.22","13.68","21.96","20.84","DB바이오헬스케어증권형1호A","1.0000","디비자산운용","1.287",2,"주식형"
"25.88","13.72","22.12","21.16","DB바이오헬스케어증권형C-W","0.0000","디비자산운용","0.757",2,"주식형"
"24.65","13.64","21.82","20.57","DB바이오헬스케어증권형1호CE","0.0000","디비자산운용","1.757",2,"주식형"
"24.95","13.66","21.90","20.71","DB바이오헬스케어증권형1호C-P","0.0000","디비자산운용","1.507",2,"주식형"
"25.55","13.70","22.04","21.00","DB바이오헬스케어증권형1호AE","0.5000","디비자산운용","1.017",2,"주식형"
"24.04","13.60","21.68","20.27","DB바이오헬스케어증권형1호C","0.0000","디비자산운용","2.257",2,"주식형"
"25.41","13.69","22.00","20.93","DB바이오헬스케어증권형1호C-PE","0.0000","디비자산운용","1.507",2,"주식형"
"5.30","1.71","2.53","3.33","마이다스단기국공채공모주[채혼]A","0.6000","마이다스에셋자산운용","0.685",5,"채권혼합형"
"5.04","1.69","2.46","3.20","마이다스단기국공채공모주[채혼]C","0.0000","마이다스에셋자산운용","0.935",5,"채권혼합형"
"-8.70","0.00","0.00","0.00","마이다스단기국공채공모주[채혼]C-W","0.0000","마이다스에셋자산운용","0.335",5,"채권혼합형"
"-4.51","0.00","0.00","-6.36","마이다스단기국공채공모주[채혼]A-G","0.4200","마이다스에셋자산운용","0.580",5,"채권혼합형"
"5.24","1.71","2.51","3.30","마이다스단기국공채공모주[채혼]C-G","0.0000","마이다스에셋자산운용","0.755",5,"채권혼합형"
"18.37","5.56","7.07","2.15","마이다스책임투자증권투자신탁(주식)A","1.0000","마이다스에셋자산운용","1.600",2,"주식형"
"18.89","5.60","7.19","2.38","마이다스책임투자증권투자신탁(주식)Ae","0.5000","마이다스에셋자산운용","1.150",2,"주식형"
"17.68","5.51","6.91","1.85","마이다스책임투자증권투자신탁(주식)C1","0.0000","마이다스에셋자산운용","2.200",2,"주식형"
"18.37","5.56","7.07","2.15","마이다스책임투자증권투자신탁(주식)Ce","0.0000","마이다스에셋자산운용","1.600",2,"주식형"
"18.44","5.57","7.09","2.18","마이다스책임투자증권투자신탁(주식)C-P","0.0000","마이다스에셋자산운용","1.540",2,"주식형"
"18.92","5.60","7.20","2.40","마이다스책임투자증권투자신탁(주식)C-Pe","0.0000","마이다스에셋자산운용","1.120",2,"주식형"
"19.41","5.63","7.31","2.61","마이다스책임투자증권투자신탁(주식)Cw","0.0000","마이다스에셋자산운용","0.700",2,"주식형"
"5.36","1.72","2.54","3.36","마이다스단기국공채공모주[채혼]Ce","0.0000","마이다스에셋자산운용","0.635",5,"채권혼합형"
"6.80","1.06","2.28","3.02","마이다스우량채권1호(채권)C","0.0000","마이다스에셋자산운용","0.410",5,"채권형"
"7.07","1.08","2.34","3.15","마이다스우량채권1호(채권)A2","0.4000","마이다스에셋자산운용","0.160",5,"채권형"
"7.01","1.07","2.33","3.12","마이다스우량채권1호(채권)Ae","0.1000","마이다스에셋자산운용","0.210",5,"채권형"
"6.96","1.07","2.32","3.09","마이다스우량채권1호(채권)Ce","0.0000","마이다스에셋자산운용","0.260",5,"채권형"
"6.85","1.06","2.29","3.04","마이다스우량채권1호(채권)C-P1","0.0000","마이다스에셋자산운용","0.360",5,"채권형"
"6.98","1.07","2.32","3.11","마이다스우량채권1호(채권)C-Pe1","0.0000","마이다스에셋자산운용","0.235",5,"채권형"
"7.12","1.08","2.36","3.17","마이다스우량채권1호(채권)C-W","0.0000","마이다스에셋자산운용","0.110",5,"채권형"
"6.91","1.07","2.30","3.07","마이다스우량채권1호(채권)A","0.2000","마이다스에셋자산운용","0.310",5,"채권형"
"9.01","1.29","1.22","2.65","마이다스아시아리더스성장주H(주식)A","1.0000","마이다스에셋자산운용","1.770",2,"주식형"
"9.44","1.32","1.32","2.86","마이다스아시아리더스성장주H(주식)Ae","0.5000","마이다스에셋자산운용","1.370",2,"주식형"
"8.48","1.25","1.10","2.40","마이다스아시아리더스성장주H(주식)C1","0.0000","마이다스에셋자산운용","2.270",2,"주식형"
"9.34","1.31","1.30","2.81","마이다스아시아리더스성장주H(주식)Ce","0.0000","마이다스에셋자산운용","1.470",2,"주식형"
"9.90","1.36","1.43","3.07","마이다스아시아리더스성장주H(주식)W","0.0000","마이다스에셋자산운용","0.970",2,"주식형"
"8.97","1.29","1.21","2.63","마이다스아시아리더스성장주H(주식)CP1","0.0000","마이다스에셋자산운용","1.810",2,"주식형"
"9.55","1.33","1.35","2.91","마이다스아시아리더스성장주H(주식)CPe1","0.0000","마이다스에셋자산운용","1.270",2,"주식형"
"7.51","3.19","0.82","2.41","마이다스아시아리더스성장주UH(주식)A","1.0000","마이다스에셋자산운용","1.770",2,"주식형"
"7.93","3.22","0.92","2.61","마이다스아시아리더스성장주UH(주식)Ae","0.5000","마이다스에셋자산운용","1.370",2,"주식형"
"6.98","3.15","0.69","2.16","마이다스아시아리더스성장주UH(주식)C1","0.0000","마이다스에셋자산운용","2.270",2,"주식형"
"7.83","3.21","0.90","2.56","마이다스아시아리더스성장주UH(주식)Ce","0.0000","마이다스에셋자산운용","1.470",2,"주식형"
"0.00","3.26","1.04","0.00","마이다스아시아리더스성장주UH(주식)W","0.0000","마이다스에셋자산운용","0.970",2,"주식형"
"7.46","3.19","0.81","2.39","마이다스아시아리더스성장주UH(주식)CP1","0.0000","마이다스에셋자산운용","1.810",2,"주식형"
"8.04","3.23","0.95","2.66","마이다스아시아리더스성장주UH(주식)CPe1","0.0000","마이다스에셋자산운용","1.270",2,"주식형"
"5.49","1.73","2.57","3.42","마이다스단기국공채공모주[채혼]Ae","0.3000","마이다스에셋자산운용","0.505",5,"채권혼합형"
"18.59","4.85","6.75","2.48","마이다스블루칩배당A1","1.0000","마이다스에셋자산운용","1.600",2,"주식형"
"19.74","5.44","7.43","3.25","마이다스블루칩배당Ae","0.5000","마이다스에셋자산운용","1.150",2,"주식형"
"18.73","5.35","7.17","2.89","마이다스블루칩배당C1","0.0000","마이다스에셋자산운용","2.200",2,"주식형"
"19.68","5.44","7.42","3.22","마이다스블루칩배당Ce","0.0000","마이다스에셋자산운용","1.200",2,"주식형"
"18.62","4.81","6.72","2.47","마이다스블루칩배당C-P1","0.0000","마이다스에셋자산운용","1.540",2,"주식형"
"19.78","5.44","7.44","3.26","마이다스블루칩배당C-Pe1","0.0000","마이다스에셋자산운용","1.120",2,"주식형"
"0.00","0.00","0.00","0.00","마이다스블루칩배당C-W","0.0000","마이다스에셋자산운용","0.700",2,"주식형"
"0.00","0.74","0.84","0.00","마이다스거북이90(주식)A","1.0000","마이다스에셋자산운용","1.310",4,"주식형"
"0.00","0.77","0.93","0.00","마이다스거북이90(주식)Ae","0.5000","마이다스에셋자산운용","0.950",4,"주식형"
"0.00","0.68","0.64","0.00","마이다스거북이90(주식)C1","0.0000","마이다스에셋자산운용","2.090",4,"주식형"
"0.00","0.76","0.90","0.00","마이다스거북이90(주식)Ce","0.0000","마이다스에셋자산운용","1.080",4,"주식형"
"0.00","0.74","0.00","0.00","마이다스거북이90(주식)C-P1","0.0000","마이다스에셋자산운용","1.430",4,"주식형"
"0.00","0.76","0.91","0.00","마이다스거북이90(주식)C-Pe1","0.0000","마이다스에셋자산운용","1.010",4,"주식형"
"0.00","0.80","1.02","0.00","마이다스거북이90(주식)C-W","0.0000","마이다스에셋자산운용","0.590",4,"주식형"
"24.89","7.63","5.75","10.94","미래에셋인디아솔로몬1호(주식)A","1.0000","미래에셋자산운용","1.850",2,"주식형"
"38.85","6.61","11.82","11.97","미래에셋브라질1호A(주식)","1.0000","미래에셋자산운용","1.850",1,"주식형"
"38.53","6.60","11.76","11.84","미래에셋브라질1호Ce(주식)","0.0000","미래에셋자산운용","2.090",1,"주식형"
"10.83","2.90","7.30","6.58","미래에셋골드특별자산(금-재간접형)A","0.8000","미래에셋자산운용","0.780",3,"특별자산투자"
"10.40","2.87","7.20","6.38","미래에셋골드특별자산C(금-재간접형)","0.0000","미래에셋자산운용","1.180",3,"특별자산투자"
"11.26","2.93","7.41","6.79","미래에셋골드특별자산C-e(금-재간접형)","0.0000","미래에셋자산운용","0.380",3,"특별자산투자"
"25.06","5.40","14.00","9.16","미래에셋글로벌그레이트컨슈머A","1.0000","미래에셋자산운용","1.590",2,"주식형"
"24.21","5.34","13.81","8.79","미래에셋글로벌그레이트컨슈머C1","0.0000","미래에셋자산운용","2.290",2,"주식형"
"25.43","5.43","14.08","9.32","미래에셋글로벌그레이트컨슈머Ce","0.0000","미래에셋자산운용","1.290",2,"주식형"
"15.51","3.39","6.74","5.41","미래에셋배당프리미엄A(주식혼합)","1.0000","미래에셋자산운용","0.960",3,"주식혼합형"
"14.92","3.35","6.60","5.14","미래에셋배당프리미엄C(주식혼합)","0.0000","미래에셋자산운용","1.480",3,"주식혼합형"
"15.48","3.39","6.73","5.39","미래에셋배당프리미엄Ce(주혼)","0.0000","미래에셋자산운용","0.990",3,"주식혼합형"
"24.89","5.40","13.97","9.11","미래에셋그레이트컨슈머연금(주식C","0.0000","미래에셋자산운용","1.730",2,"주식형"
"4.49","2.84","3.99","2.71","미래에셋글로벌다이나믹연금(채권)C","0.0000","미래에셋자산운용","0.720",5,"채권형"
"13.13","3.41","6.80","5.53","미래에셋배당프리미엄Ae(주식혼합)","0.5000","미래에셋자산운용","0.730",3,"주식혼합형"
"-7.54","-0.27","-6.50","2.18","로저스COMMODITY인덱스C-W","0.0000","미래에셋자산운용","0.590",2,"특별자산투자"
"-3.60","-0.33","-3.77","-4.08","미래에셋로저스농산물지수특별자산C-W","0.0000","미래에셋자산운용","0.590",2,"특별자산투자"
"26.04","5.47","14.21","9.59","미래에셋글로벌그레이트컨슈머F","0.0000","미래에셋자산운용","0.790",2,"주식형"
"16.04","3.43","6.86","5.65","미래에셋배당프리미엄(주식혼합)C-F","0.0000","미래에셋자산운용","0.500",3,"주식혼합형"
"0.00","0.00","0.00","0.00","미래에셋골드특별자산(재간접)C-w","0.0000","미래에셋자산운용","0.280",3,"특별자산투자"
"25.79","7.69","5.94","11.34","미래에셋인디아솔로몬1호(주식)I","0.0050","미래에셋자산운용","1.105",2,"주식형"
"25.37","7.66","5.85","11.16","미래에셋인디아솔로몬1호(주식)Ae","0.5000","미래에셋자산운용","1.450",2,"주식형"
"25.48","5.44","14.10","9.37","미래에셋그레이트컨슈머연금(주식Ce","0.0000","미래에셋자산운용","1.230",2,"주식형"
"4.70","2.86","4.04","2.81","미래에셋글로벌다이나믹연금(채권)Ce","0.0000","미래에셋자산운용","0.520",5,"채권형"
"14.99","3.35","6.61","5.17","미래에셋배당프리미엄연금저축(주식혼합)C","0.0000","미래에셋자산운용","1.380",3,"주식혼합형"
"15.50","3.38","6.73","5.40","미래에셋배당프리미엄연금저축(주식혼합)Ce","0.0000","미래에셋자산운용","0.930",3,"주식혼합형"
"17.99","3.07","7.17","7.32","미래에셋미국배당프리미엄A(주식)(H)","1.0000","미래에셋자산운용","1.360",3,"주식형"
"18.40","3.10","7.26","7.50","미래에셋미국배당프리미엄A-e(주식)(H)","0.5000","미래에셋자산운용","1.010",3,"주식형"
"17.41","3.03","7.03","7.05","미래에셋미국배당프리미엄C1(주식)(H)","0.0000","미래에셋자산운용","1.860",3,"주식형"
"18.23","3.09","7.23","7.43","미래에셋미국배당프리미엄C-e(주식)(H)","0.0000","미래에셋자산운용","1.150",3,"주식형"
"17.99","3.07","7.17","7.32","미래에셋미국배당프리미엄C-P(주식)(H)","0.0000","미래에셋자산운용","1.360",3,"주식형"
"18.40","3.10","7.26","7.50","미래에셋미국배당프리미엄C-Pe(주식)(H)","0.0000","미래에셋자산운용","1.010",3,"주식형"
"14.58","3.79","5.65","6.50","미래에셋글로벌솔루션A(주식-재간접형)","1.0000","미래에셋자산운용","1.050",3,"재간접투자"
"14.92","3.81","5.73","6.66","미래에셋글로벌솔루션A-e(주식-재간접형)","0.5000","미래에셋자산운용","0.750",3,"재간접투자"
"14.22","3.76","5.57","6.33","미래에셋글로벌솔루션C(주식-재간접형)","0.0000","미래에셋자산운용","1.370",3,"재간접투자"
"14.74","3.80","5.69","6.57","미래에셋글로벌솔루션C-e(주식-재간접형)","0.0000","미래에셋자산운용","0.910",3,"재간접투자"
"14.43","3.77","5.62","6.43","미래에셋글로벌솔루션C-P(주식-재간접형)","0.0000","미래에셋자산운용","1.180",3,"재간접투자"
"14.85","3.81","5.71","6.63","미래에셋글로벌솔루션C-Pe(주식-재간접형)","0.0000","미래에셋자산운용","0.810",3,"재간접투자"
"15.67","3.40","6.78","5.48","미래에셋배당프리미엄A-G(주식혼합)","0.7000","미래에셋자산운용","0.820",3,"주식혼합형"
"15.26","3.37","6.68","5.30","미래에셋배당프리미엄C-G(주식혼합)","0.0000","미래에셋자산운용","1.180",3,"주식혼합형"
"25.19","7.65","5.81","11.07","미래에셋인디아솔로몬1호(주식)A-G","0.7000","미래에셋자산운용","1.620",2,"주식형"
"-15.87","-7.23","-9.38","-13.33","미래에셋 차이나H 인덱스(주식) A","1.0000","미래에셋자산운용","0.840",1,"주식형"
"-15.67","-7.21","-9.32","-13.23","미래에셋 차이나H 인덱스(주식) A-e","0.5000","미래에셋자산운용","0.610",1,"주식형"
"-16.16","-7.26","-9.46","-13.48","미래에셋 차이나H 인덱스(주식) C","0.0000","미래에셋자산운용","1.180",1,"주식형"
"-15.82","-7.23","-9.36","-13.30","미래에셋 차이나H 인덱스(주식) C-e","0.0000","미래에셋자산운용","0.780",1,"주식형"
"-16.07","-7.25","-9.43","-13.43","미래에셋 차이나H 인덱스(주식) C-P","0.0000","미래에셋자산운용","1.080",1,"주식형"
"-15.78","-7.22","-9.35","-13.28","미래에셋 차이나H 인덱스(주식) C-Pe","0.0000","미래에셋자산운용","0.730",1,"주식형"
"-15.48","-7.19","-9.27","-13.12","미래에셋 차이나H 인덱스(주식) F","0.0000","미래에셋자산운용","0.380",1,"주식형"
"28.56","6.45","13.70","8.72","미래에셋글로벌코어테크EMP(주식-재간접)A","1.0000","미래에셋자산운용","1.230",2,"재간접투자"
"28.98","6.48","13.79","8.90","미래에셋글로벌코어테크EMP(주식-재간접)Ae","0.5000","미래에셋자산운용","0.890",2,"재간접투자"
"27.79","6.40","13.54","8.39","미래에셋글로벌코어테크EMP(주식-재간접)C1","0.0000","미래에셋자산운용","1.850",2,"재간접투자"
"28.78","6.47","13.75","8.82","미래에셋글로벌코어테크EMP(주식-재간접)Ce","0.0000","미래에셋자산운용","1.050",2,"재간접투자"
"28.41","6.44","13.67","8.66","미래에셋글로벌코어테크EMP(주식-재간접)CP","0.0000","미래에셋자산운용","1.350",2,"재간접투자"
"28.91","6.47","13.78","8.87","미래에셋글로벌코어테크EMP(주식재간접)CPe","0.0000","미래에셋자산운용","0.950",2,"재간접투자"
"29.41","6.50","13.89","9.09","미래에셋글로벌코어테크EMP(주식-재간접)F","0.0000","미래에셋자산운용","0.550",2,"재간접투자"
"8.50","2.76","4.21","3.25","미래에셋전략배분TDF2025혼합자산A","0.6000","미래에셋자산운용","0.690",4,"재간접투자"
"8.70","2.78","4.26","3.34","미래에셋전략배분TDF2025혼합자산Ae","0.3000","미래에셋자산운용","0.510",4,"재간접투자"
"8.34","2.75","4.17","3.17","미래에셋전략배분TDF2025혼합자산C","0.0000","미래에셋자산운용","0.840",4,"재간접투자"
"8.61","2.77","4.23","3.30","미래에셋전략배분TDF2025혼합자산Ce","0.0000","미래에셋자산운용","0.590",4,"재간접투자"
"8.36","2.75","4.18","3.18","미래에셋전략배분TDF2025혼합자산C-P","0.0000","미래에셋자산운용","0.820",4,"재간접투자"
"8.62","2.77","4.24","3.30","미래에셋전략배분TDF2025혼합자산C-Pe","0.0000","미래에셋자산운용","0.580",4,"재간접투자"
"8.88","2.79","4.30","3.43","미래에셋전략배분TDF2025혼합자산F","0.0000","미래에셋자산운용","0.340",4,"재간접투자"
"10.15","3.03","4.70","3.65","미래에셋전략배분TDF2030혼합자산A","0.6000","미래에셋자산운용","0.750",4,"재간접투자"
"10.37","3.04","4.76","3.75","미래에셋전략배분TDF2030혼합자산Ae","0.3000","미래에셋자산운용","0.550",4,"재간접투자"
"9.97","3.01","4.66","3.56","미래에셋전략배분TDF2030혼합자산C","0.0000","미래에셋자산운용","0.910",4,"재간접투자"
"10.28","3.04","4.73","3.71","미래에셋전략배분TDF2030혼합자산Ce","0.0000","미래에셋자산운용","0.630",4,"재간접투자"
"10.03","3.02","4.67","3.59","미래에셋전략배분TDF2030혼합자산C-P","0.0000","미래에셋자산운용","0.860",4,"재간접투자"
"10.30","3.04","4.74","3.72","미래에셋전략배분TDF2030혼합자산C-Pe","0.0000","미래에셋자산운용","0.610",4,"재간접투자"
"10.57","3.06","4.80","3.85","미래에셋전략배분TDF2030혼합자산F","0.0000","미래에셋자산운용","0.360",4,"재간접투자"
"12.19","3.44","5.56","4.29","미래에셋전략배분TDF2035혼합자산A","0.6000","미래에셋자산운용","0.850",3,"재간접투자"
"12.90","3.46","5.62","4.40","미래에셋전략배분TDF2035혼합자산Ae","0.3000","미래에셋자산운용","0.620",3,"재간접투자"
"12.43","3.42","5.51","4.19","미래에셋전략배분TDF2035혼합자산C","0.0000","미래에셋자산운용","1.040",3,"재간접투자"
"12.80","3.45","5.60","4.36","미래에셋전략배분TDF2035혼합자산Ce","0.0000","미래에셋자산운용","0.710",3,"재간접투자"
"12.60","3.43","5.55","4.27","미래에셋전략배분TDF2035혼합자산C-P","0.0000","미래에셋자산운용","0.890",3,"재간접투자"
"12.88","3.46","5.62","4.39","미래에셋전략배분TDF2035혼합자산C-Pe","0.0000","미래에셋자산운용","0.640",3,"재간접투자"
"13.16","3.48","5.68","4.52","미래에셋전략배분TDF2035혼합자산F","0.0000","미래에셋자산운용","0.390",3,"재간접투자"
"13.27","3.61","6.08","4.67","미래에셋전략배분TDF2040혼합자산A","0.6000","미래에셋자산운용","0.940",3,"재간접투자"
"13.92","3.63","6.15","4.80","미래에셋전략배분TDF2040혼합자산Ae","0.3000","미래에셋자산운용","0.670",3,"재간접투자"
"13.37","3.59","6.03","4.55","미래에셋전략배분TDF2040혼합자산C","0.0000","미래에셋자산운용","1.160",3,"재간접투자"
"13.79","3.63","6.13","4.75","미래에셋전략배분TDF2040혼합자산Ce","0.0000","미래에셋자산운용","0.780",3,"재간접투자"
"13.54","3.61","6.07","4.63","미래에셋전략배분TDF2040혼합자산C-P","0.0000","미래에셋자산운용","1.010",3,"재간접투자"
"13.87","3.63","6.14","4.78","미래에셋전략배분TDF2040혼합자산C-Pe","0.0000","미래에셋자산운용","0.710",3,"재간접투자"
"14.21","3.66","6.22","4.94","미래에셋전략배분TDF2040혼합자산F","0.0000","미래에셋자산운용","0.410",3,"재간접투자"
"13.94","3.65","6.27","4.79","미래에셋전략배분TDF2045혼합자산A","0.6000","미래에셋자산운용","1.030",3,"재간접투자"
"14.28","3.68","6.35","4.95","미래에셋전략배분TDF2045혼합자산Ae","0.3000","미래에셋자산운용","0.730",3,"재간접투자"
"13.66","3.63","6.21","4.67","미래에셋전략배분TDF2045혼합자산C","0.0000","미래에셋자산운용","1.280",3,"재간접투자"
"14.14","3.67","6.32","4.89","미래에셋전략배분TDF2045혼합자산Ce","0.0000","미래에셋자산운용","0.850",3,"재간접투자"
"13.83","3.64","6.25","4.74","미래에셋전략배분TDF2045혼합자산C-P","0.0000","미래에셋자산운용","1.130",3,"재간접투자"
"14.22","3.67","6.34","4.92","미래에셋전략배분TDF2045혼합자산C-Pe","0.0000","미래에셋자산운용","0.740",3,"재간접투자"
"14.61","3.70","6.43","5.10","미래에셋전략배분TDF2045혼합자산F","0.0000","미래에셋자산운용","0.430",3,"재간접투자"
"0.86","0.14","-0.10","-0.89","미래에셋단기채알파(채권혼합)A","0.2000","미래에셋자산운용","0.540",5,"채권혼합형"
"1.01","0.15","-0.06","-0.82","미래에셋단기채알파(채권혼합)A-e","0.1000","미래에셋자산운용","0.390",5,"채권혼합형"
"0.76","0.13","-0.12","-0.94","미래에셋단기채알파(채권혼합)C","0.0000","미래에셋자산운용","0.640",5,"채권혼합형"
"0.96","0.15","-0.07","-0.84","미래에셋단기채알파(채권혼합)C-e","0.0000","미래에셋자산운용","0.440",5,"채권혼합형"
"0.83","0.14","-0.10","-0.90","미래에셋단기채알파(채권혼합)C-P","0.0000","미래에셋자산운용","0.560",5,"채권혼합형"
"1.00","0.15","-0.06","-0.82","미래에셋단기채알파(채권혼합)C-Pe","0.0000","미래에셋자산운용","0.400",5,"채권혼합형"
"0.90","0.37","0.19","-1.62","미래에셋밸런스알파플러스(채권혼합)A","0.7000","미래에셋자산운용","0.900",5,"채권혼합형"
"1.13","0.39","0.25","-1.50","미래에셋밸런스알파플러스(채권혼합)A-e","0.3500","미래에셋자산운용","0.670",5,"채권혼합형"
"0.64","0.35","0.13","-1.75","미래에셋밸런스알파플러스(채권혼합)C","0.0000","미래에셋자산운용","1.160",5,"채권혼합형"
"1.00","0.38","0.22","-1.57","미래에셋밸런스알파플러스(채권혼합)C-e","0.0000","미래에셋자산운용","0.800",5,"채권혼합형"
"0.78","0.36","0.16","-1.68","미래에셋밸런스알파플러스(채권혼합)C-P","0.0000","미래에셋자산운용","1.020",5,"채권혼합형"
"1.07","0.39","0.24","-1.53","미래에셋밸런스알파플러스(채권혼합)C-Pe","0.0000","미래에셋자산운용","0.730",5,"채권혼합형"
"-0.43","0.41","0.31","-1.39","미래에셋밸런스알파플러스(채권혼합) F","0.0000","미래에셋자산운용","0.440",5,"채권혼합형"
"11.09","2.92","7.37","6.71","미래에셋골드특별자산자(금-재간접형)A-e","0.4000","미래에셋자산운용","0.530",3,"특별자산투자"
"25.55","5.44","14.10","9.38","미래에셋글로벌그레이트컨슈머Ae","0.5000","미래에셋자산운용","1.190",2,"주식형"
"39.42","6.65","11.94","12.20","미래에셋브라질1호Ae(주식)","0.5000","미래에셋자산운용","1.420",1,"주식형"
"14.14","4.39","7.62","2.65","미래우리아이3억만들기(주식)C1","0.0000","미래에셋자산운용","2.070",3,"주식형"
"-8.56","-0.36","-6.77","1.62","로저스COMMODITY인덱스C","0.0000","미래에셋자산운용","1.690",2,"특별자산투자"
"-8.25","-0.33","-6.69","1.79","로저스COMMODITY인덱스A","0.8000","미래에셋자산운용","1.350",2,"특별자산투자"
"-4.66","-0.42","-4.04","-4.61","미래에셋로저스농산물지수특별자산C","0.0000","미래에셋자산운용","1.690",2,"특별자산투자"
"-4.34","-0.40","-3.96","-4.45","미래에셋로저스농산물지수특별자산 A","0.8000","미래에셋자산운용","1.350",2,"특별자산투자"
"8.80","2.52","4.15","4.65","미래에셋헤지(사모투자재간접)A","1.0000","미래에셋자산운용","0.950",5,"재간접투자"
"9.07","2.54","4.22","4.77","미래에셋헤지(사모투자재간접)A-e","0.5000","미래에셋자산운용","0.700",5,"재간접투자"
"8.43","2.50","4.06","4.46","미래에셋헤지(사모투자재간접)C","0.0000","미래에셋자산운용","1.300",5,"재간접투자"
"8.84","2.53","4.16","4.66","미래에셋헤지(사모투자재간접)C-e","0.0000","미래에셋자산운용","0.920",5,"재간접투자"
"1.16","0.17","-0.02","-0.74","미래에셋단기채알파(채권혼합) F","0.0000","미래에셋자산운용","0.240",5,"채권혼합형"
"-7.89","-0.30","-6.60","1.99","로저스COMMODITY인덱스Ae","0.4000","미래에셋자산운용","0.970",2,"특별자산투자"
"-3.97","-0.36","-3.86","-4.27","미래에셋로저스농산물지수특별자산 Ae","0.4000","미래에셋자산운용","0.970",2,"특별자산투자"
"35.41","4.73","11.80","-0.43","미래에셋코어테크(주식)A","1.0000","미래에셋자산운용","1.435",2,"주식형"
"35.85","4.76","11.89","-0.26","미래에셋코어테크A-e","0.5000","미래에셋자산운용","1.095",2,"주식형"
"34.99","4.71","11.71","-0.59","미래에셋코어테크C","0.0000","미래에셋자산운용","1.755",2,"주식형"
"35.64","4.75","11.85","-0.34","미래에셋코어테크C-e","0.0000","미래에셋자산운용","1.255",2,"주식형"
"35.25","4.72","11.76","-0.49","미래에셋코어테크C-P","0.0000","미래에셋자산운용","1.555",2,"주식형"
"35.77","4.75","11.87","-0.29","미래에셋코어테크C-Pe","0.0000","미래에셋자산운용","1.155",2,"주식형"
"35.69","4.75","11.86","-0.32","미래에셋코어테크AG","0.7000","미래에셋자산운용","1.225",2,"주식형"
"35.38","4.73","11.79","-0.44","미래에셋코어테크CG","0.0000","미래에셋자산운용","1.455",2,"주식형"
"36.28","4.78","11.98","-0.09","미래에셋코어테크F","0.0000","미래에셋자산운용","0.755",2,"주식형"
"0.00","0.78","1.82","2.98","미래에셋달러단기자금(USD)(채권)A","0.2000","미래에셋자산운용","0.350",5,"채권형"
"0.00","0.79","1.83","2.97","미래에셋달러단기자금(USD)(채권)A-e","0.1000","미래에셋자산운용","0.250",5,"채권형"
"0.00","0.76","1.72","2.77","미래에셋달러단기자금(USD)(채권)C","0.0000","미래에셋자산운용","0.450",5,"채권형"
"0.00","0.80","1.83","2.98","미래에셋달러단기자금(USD)(채권)C-e","0.0000","미래에셋자산운용","0.300",5,"채권형"
"16.81","4.39","7.24","7.69","베어링고배당(주식) A","1.0000","베어링자산운용(펀드)","1.434",3,"주식형"
"16.13","4.34","7.08","7.38","베어링고배당(주식) C1","0.0000","베어링자산운용(펀드)","2.034",3,"주식형"
"17.04","4.41","7.29","7.80","베어링고배당(주식) Ce","0.0000","베어링자산운용(펀드)","1.234",3,"주식형"
"13.65","4.45","7.42","8.07","베어링고배당(주식) C-W","0.0000","베어링자산운용(펀드)","0.734",3,"주식형"
"13.76","4.37","7.18","7.59","베어링고배당(주식) C-P","0.0000","베어링자산운용(펀드)","1.634",3,"주식형"
"17.10","4.41","7.30","7.83","베어링고배당(주식) C-Pe","0.0000","베어링자산운용(펀드)","1.234",3,"주식형"
"17.22","4.42","7.33","7.88","베어링고배당(주식) Ae","0.5000","베어링자산운용(펀드)","1.084",3,"주식형"
"10.66","2.72","3.97","2.81","BNK스팩&공모주30 1호(채권혼합)A","0.8000","비엔케이자산운용","0.900",5,"채권혼합형"
"10.88","2.74","4.02","2.92","BNK스팩&공모주30 1호(채권혼합)A-e","0.4000","비엔케이자산운용","0.700",5,"채권혼합형"
"10.00","2.67","3.81","2.51","BNK스팩&공모주30 1호(채권혼합)C","0.0000","비엔케이자산운용","1.500",5,"채권혼합형"
"10.55","2.71","3.94","2.76","BNK스팩&공모주30 1호(채권혼합)C-e","0.0000","비엔케이자산운용","1.000",5,"채권혼합형"
"3.69","0.32","0.95","1.84","BNK법인MMF1호(국공채)C","0.0000","비엔케이자산운용","0.100",6,"MMF(법인)"
"3.31","0.26","0.81","1.60","BNK튼튼개인MMF1호C","0.0000","비엔케이자산운용","0.400",6,"MMF(개인)"
"3.44","0.27","0.84","1.67","BNK튼튼개인MMF1호C-e","0.0000","비엔케이자산운용","0.270",6,"MMF(개인)"
"3.46","0.27","0.84","1.67","BNK튼튼개인MMF1호C-Pe","0.0000","비엔케이자산운용","0.260",6,"MMF(개인)"
"13.75","5.22","6.73","2.52","삼성배당주장기증권1호(주식)C1","0.0000","삼성액티브자산운용","2.280",2,"주식형"
"14.42","5.26","6.89","2.83","삼성배당주장기증권1호(주식)A","1.0000","삼성액티브자산운용","1.680",2,"주식형"
"14.42","5.26","6.89","2.83","삼성배당주장기증권1호(주식)Ce","0.0000","삼성액티브자산운용","1.680",2,"주식형"
"-1.57","-1.23","-14.54","14.75","삼성WTI원유특별자산A","1.0000","삼성자산운용","0.860",1,"특별자산투자"
"-1.98","-1.27","-14.64","14.51","삼성WTI원유특별자산C1","0.0000","삼성자산운용","1.270",1,"특별자산투자"
"-1.90","-1.26","-14.62","14.56","삼성WTI원유특별자산Ce","0.0000","삼성자산운용","1.190",1,"특별자산투자"
"-13.95","-5.50","-10.73","-12.85","삼성클래식차이나본토연금H(주식C","0.0000","삼성자산운용","1.650",2,"주식형"
"-1.14","-1.20","-14.43","14.99","삼성WTI원유특별자산C-W","0.0000","삼성자산운용","0.440",1,"특별자산투자"
"-13.54","-5.45","-10.61","-12.63","삼성클래식차이나본토연금H(주식Ce","0.0000","삼성자산운용","1.175",2,"주식형"
"63.89","13.37","10.01","9.14","삼성코스닥150 1.5배레버리지(주식-파생)A","1.0000","삼성자산운용","1.310",1,"파생상품"
"64.45","13.40","10.10","9.34","삼성코스닥150 1.5배레버리지(주식-파생)Ae","0.5000","삼성자산운용","0.950",1,"파생상품"
"63.00","13.33","9.86","8.82","삼성코스닥150 1.5배레버리지(주식-파생)C1","0.0000","삼성자산운용","1.890",1,"파생상품"
"64.22","13.39","10.07","9.26","삼성코스닥150 1.5배레버리지(주식-파생)Ce","0.0000","삼성자산운용","1.090",1,"파생상품"
"65.10","13.44","10.22","9.56","삼성코스닥150 1.5배레버리지(주식-파생)Cw","0.0000","삼성자산운용","0.590",1,"파생상품"
"28.38","0.81","3.71","4.48","삼성 일본 인덱스H(주식) A","1.0000","삼성자산운용","0.850",2,"주식형"
"28.69","0.83","3.78","4.61","삼성 일본 인덱스H(주식) A-e","0.5000","삼성자산운용","0.595",2,"주식형"
"27.41","0.74","3.51","4.08","삼성 일본 인덱스H(주식) C1","0.0000","삼성자산운용","1.640",2,"주식형"
"28.39","0.81","3.71","4.49","삼성 일본 인덱스H(주식) C-e","0.0000","삼성자산운용","0.840",2,"주식형"
"28.45","0.82","3.73","4.51","삼성 일본 인덱스H(주식) C-Pe","0.0000","삼성자산운용","0.790",2,"주식형"
"29.34","0.86","3.85","4.75","삼성 일본 인덱스H(주식) Cw","0.0000","삼성자산운용","0.340",2,"주식형"
"21.15","4.67","9.18","7.61","삼성미국S&P500인덱스H(주식)A","1.0000","삼성자산운용","0.850",2,"주식형"
"21.45","4.69","9.25","7.75","삼성미국S&P500인덱스H(주식)Ae","0.5000","삼성자산운용","0.595",2,"주식형"
"20.22","4.61","8.97","7.20","삼성미국S&P500인덱스H(주식)C1","0.0000","삼성자산운용","1.640",2,"주식형"
"21.16","4.67","9.19","7.62","삼성미국S&P500인덱스H(주식)Ce","0.0000","삼성자산운용","0.840",2,"주식형"
"20.69","4.64","9.08","7.41","삼성미국S&P500인덱스H(주식)C-P","0.0000","삼성자산운용","1.240",2,"주식형"
"21.22","4.68","9.20","7.64","삼성미국S&P500인덱스H(주식)C-Pe","0.0000","삼성자산운용","0.790",2,"주식형"
"21.75","4.72","9.32","7.88","삼성미국S&P500인덱스H(주식)Cw","0.0000","삼성자산운용","0.340",2,"주식형"
"7.03","0.41","-2.49","1.63","삼성달러표시단기채권UH[채권]A","0.3000","삼성자산운용","0.250",4,"채권형"
"7.06","0.42","-2.48","1.65","삼성달러표시단기채권UH[채권]Ae","0.1500","삼성자산운용","0.220",4,"채권형"
"6.89","0.40","-2.52","1.56","삼성달러표시단기채권UH[채권]C","0.0000","삼성자산운용","0.390",4,"채권형"
"6.99","0.41","-2.50","1.61","삼성달러표시단기채권UH[채권]Ce","0.0000","삼성자산운용","0.290",4,"채권형"
"6.93","0.41","-2.51","1.58","삼성달러표시단기채권UH[채권]C-P","0.0000","삼성자산운용","0.350",4,"채권형"
"7.01","0.41","-2.49","1.62","삼성달러표시단기채권UH[채권]C-Pe","0.0000","삼성자산운용","0.270",4,"채권형"
"7.10","0.42","-2.47","1.66","삼성달러표시단기채권UH[채권]Cw","0.0000","삼성자산운용","0.190",4,"채권형"
"32.95","4.01","9.70","4.12","삼성글로벌메타버스H(주식) A","1.0000","삼성자산운용","1.490",2,"주식형"
"33.36","4.04","9.78","4.28","삼성글로벌메타버스H(주식) Ae","0.5000","삼성자산운용","1.180",2,"주식형"
"32.43","3.98","9.59","3.91","삼성글로벌메타버스H(주식) C","0.0000","삼성자산운용","1.890",2,"주식형"
"33.08","4.02","9.72","4.17","삼성글로벌메타버스H(주식) Ce","0.0000","삼성자산운용","1.390",2,"주식형"
"39.76","3.97","6.36","4.34","삼성글로벌메타버스UH(주식) A","1.0000","삼성자산운용","1.490",2,"주식형"
"40.18","3.99","6.44","4.50","삼성글로벌메타버스UH(주식) Ae","0.5000","삼성자산운용","1.180",2,"주식형"
"39.22","3.94","6.25","4.13","삼성글로벌메타버스UH(주식) C","0.0000","삼성자산운용","1.890",2,"주식형"
"39.89","3.98","6.38","4.39","삼성글로벌메타버스UH(주식) Ce","0.0000","삼성자산운용","1.390",2,"주식형"
"32.69","4.00","9.64","4.01","삼성글로벌메타버스H(주식) C-P","0.0000","삼성자산운용","1.690",2,"주식형"
"33.21","4.03","9.75","4.22","삼성글로벌메타버스H(주식) C-Pe","0.0000","삼성자산운용","1.290",2,"주식형"
"39.49","3.95","6.30","4.24","삼성글로벌메타버스UH(주식) C-P","0.0000","삼성자산운용","1.690",2,"주식형"
"40.03","3.99","6.41","4.45","삼성글로벌메타버스UH(주식) C-Pe","0.0000","삼성자산운용","1.290",2,"주식형"
"7.96","4.38","6.37","4.03","삼성한국형TDF2015(채권혼합-재간접형)A","1.0000","삼성자산운용","0.420",4,"재간접투자"
"8.07","4.39","6.40","4.08","삼성한국형TDF2015(채권혼합-재간접형)Ae","0.5000","삼성자산운용","0.320",4,"재간접투자"
"7.60","4.35","6.28","3.86","삼성한국형TDF2015(채권혼합-재간접형)C","0.0000","삼성자산운용","0.760",4,"재간접투자"
"7.89","4.37","6.36","4.00","삼성한국형TDF2015(채권혼합-재간접형)Ce","0.0000","삼성자산운용","0.490",4,"재간접투자"
"7.65","4.35","6.30","3.88","삼성한국형TDF2015(채권혼합-재간접형)C-P","0.0000","삼성자산운용","0.710",4,"재간접투자"
"7.91","4.37","6.36","4.00","삼성한국형TDF2015(채권혼합-재간접형)C-Pe","0.0000","삼성자산운용","0.470",4,"재간접투자"
"8.17","4.39","6.42","4.13","삼성한국형TDF2015(채권혼합-재간접형)Cw","0.0000","삼성자산운용","0.230",4,"재간접투자"
"8.35","4.44","6.53","4.08","삼성한국형TDF2020(채권혼합-재간접형)A","1.0000","삼성자산운용","0.420",4,"재간접투자"
"8.46","4.45","6.55","4.13","삼성한국형TDF2020(채권혼합-재간접형)Ae","0.5000","삼성자산운용","0.320",4,"재간접투자"
"7.99","4.42","6.44","3.90","삼성한국형TDF2020(채권혼합-재간접형)C","0.0000","삼성자산운용","0.760",4,"재간접투자"
"8.28","4.44","6.51","4.04","삼성한국형TDF2020(채권혼합-재간접형)Ce","0.0000","삼성자산운용","0.490",4,"재간접투자"
"8.04","4.42","6.45","3.93","삼성한국형TDF2020(채권혼합-재간접형)C-P","0.0000","삼성자산운용","0.710",4,"재간접투자"
"8.30","4.44","6.51","4.05","삼성한국형TDF2020(채권혼합-재간접형)C-Pe","0.0000","삼성자산운용","0.470",4,"재간접투자"
"8.79","4.43","6.61","4.25","삼성한국형TDF2020(채권혼합-재간접형)Cw","0.0000","삼성자산운용","0.230",4,"재간접투자"
"9.70","4.53","6.84","4.44","삼성한국형TDF2025(주식혼합-재간접형)A","1.0000","삼성자산운용","0.420",4,"재간접투자"
"9.81","4.54","6.86","4.50","삼성한국형TDF2025(주식혼합-재간접형)Ae","0.5000","삼성자산운용","0.320",4,"재간접투자"
"9.33","4.50","6.75","4.27","삼성한국형TDF2025(주식혼합-재간접형)C","0.0000","삼성자산운용","0.760",4,"재간접투자"
"9.62","4.53","6.82","4.41","삼성한국형TDF2025(주식혼합-재간접형)Ce","0.0000","삼성자산운용","0.490",4,"재간접투자"
"9.38","4.51","6.76","4.29","삼성한국형TDF2025(주식혼합-재간접형)C-P","0.0000","삼성자산운용","0.710",4,"재간접투자"
"9.64","4.53","6.82","4.42","삼성한국형TDF2025(주식혼합-재간접형)C-Pe","0.0000","삼성자산운용","0.470",4,"재간접투자"
"9.92","4.55","6.89","4.55","삼성한국형TDF2025(주식혼합-재간접형)Cw","0.0000","삼성자산운용","0.230",4,"재간접투자"
"12.48","4.77","7.69","5.19","삼성한국형TDF2030(주식혼합-재간접형)A","1.0000","삼성자산운용","0.420",3,"재간접투자"
"12.59","4.77","7.72","5.24","삼성한국형TDF2030(주식혼합-재간접형)Ae","0.5000","삼성자산운용","0.320",3,"재간접투자"
"12.11","4.74","7.60","5.01","삼성한국형TDF2030(주식혼합-재간접형)C","0.0000","삼성자산운용","0.760",3,"재간접투자"
"12.40","4.76","7.67","5.15","삼성한국형TDF2030(주식혼합-재간접형)Ce","0.0000","삼성자산운용","0.490",3,"재간접투자"
"12.16","4.74","7.61","5.04","삼성한국형TDF2030(주식혼합-재간접형)C-P","0.0000","삼성자산운용","0.710",3,"재간접투자"
"12.43","4.76","7.68","5.16","삼성한국형TDF2030(주식혼합-재간접형)C-Pe","0.0000","삼성자산운용","0.470",3,"재간접투자"
"12.70","4.78","7.74","5.29","삼성한국형TDF2030(주식혼합-재간접형)Cw","0.0000","삼성자산운용","0.230",3,"재간접투자"
"13.80","4.85","8.02","5.31","삼성한국형TDF2035(주식혼합-재간접형)A","1.0000","삼성자산운용","0.690",3,"재간접투자"
"14.03","4.86","8.08","5.42","삼성한국형TDF2035(주식혼합-재간접형)Ae","0.5000","삼성자산운용","0.480",3,"재간접투자"
"13.42","4.82","7.93","5.14","삼성한국형TDF2035(주식혼합-재간접형)C","0.0000","삼성자산운용","1.030",3,"재간접투자"
"13.84","4.85","8.04","5.34","삼성한국형TDF2035(주식혼합-재간접형)Ce","0.0000","삼성자산운용","0.650",3,"재간접투자"
"13.51","4.83","7.95","5.18","삼성한국형TDF2035(주식혼합-재간접형)C-P","0.0000","삼성자산운용","0.950",3,"재간접투자"
"13.89","4.85","8.04","5.36","삼성한국형TDF2035(주식혼합-재간접형)C-Pe","0.0000","삼성자산운용","0.610",3,"재간접투자"
"14.55","4.93","8.18","5.66","삼성한국형TDF2035(주식혼합-재간접형)Cw","0.0000","삼성자산운용","0.280",3,"재간접투자"
"13.95","4.87","8.14","5.24","삼성한국형TDF2040(주식혼합-재간접형)A","1.0000","삼성자산운용","0.960",3,"재간접투자"
"14.30","4.89","8.22","5.40","삼성한국형TDF2040(주식혼합-재간접형)Ae","0.5000","삼성자산운용","0.640",3,"재간접투자"
"13.57","4.84","8.05","5.06","삼성한국형TDF2040(주식혼합-재간접형)C","0.0000","삼성자산운용","1.300",3,"재간접투자"
"14.11","4.88","8.18","5.32","삼성한국형TDF2040(주식혼합-재간접형)Ce","0.0000","삼성자산운용","0.810",3,"재간접투자"
"13.64","4.84","8.06","5.09","삼성한국형TDF2040(주식혼합-재간접형)C-P","0.0000","삼성자산운용","1.240",3,"재간접투자"
"14.15","4.88","8.19","5.33","삼성한국형TDF2040(주식혼합-재간접형)C-Pe","0.0000","삼성자산운용","0.780",3,"재간접투자"
"15.02","4.94","8.39","5.74","삼성한국형TDF2040(주식혼합-재간접형)Cw","0.0000","삼성자산운용","0.330",3,"재간접투자"
"14.47","4.89","8.25","5.31","삼성한국형TDF2045(주식혼합-재간접형)A","1.0000","삼성자산운용","0.960",3,"재간접투자"
"14.83","4.92","8.34","5.48","삼성한국형TDF2045(주식혼합-재간접형)Ae","0.5000","삼성자산운용","0.640",3,"재간접투자"
"14.09","4.86","8.16","5.14","삼성한국형TDF2045(주식혼합-재간접형)C","0.0000","삼성자산운용","1.300",3,"재간접투자"
"14.64","4.90","8.29","5.39","삼성한국형TDF2045(주식혼합-재간접형)Ce","0.0000","삼성자산운용","0.810",3,"재간접투자"
"14.16","4.87","8.18","5.17","삼성한국형TDF2045(주식혼합-재간접형)C-P","0.0000","삼성자산운용","1.240",3,"재간접투자"
"14.67","4.91","8.30","5.41","삼성한국형TDF2045(주식혼합-재간접형)C-Pe","0.0000","삼성자산운용","0.780",3,"재간접투자"
"15.53","4.98","8.51","5.86","삼성한국형TDF2045(주식혼합-재간접형)Cw","0.0000","삼성자산운용","0.330",3,"재간접투자"
"14.98","4.93","8.48","5.53","삼성한국형TDF2050(주식혼합-재간접형)A","1.0000","삼성자산운용","0.960",3,"재간접투자"
"15.35","4.96","8.56","5.70","삼성한국형TDF2050(주식혼합-재간접형)Ae","0.5000","삼성자산운용","0.640",3,"재간접투자"
"14.60","4.91","8.39","5.35","삼성한국형TDF2050(주식혼합-재간접형)C","0.0000","삼성자산운용","1.300",3,"재간접투자"
"15.15","4.95","8.52","5.61","삼성한국형TDF2050(주식혼합-재간접형)Ce","0.0000","삼성자산운용","0.810",3,"재간접투자"
"14.67","4.91","8.40","5.38","삼성한국형TDF2050(주식혼합-재간접형)C-P","0.0000","삼성자산운용","1.240",3,"재간접투자"
"15.19","4.95","8.53","5.62","삼성한국형TDF2050(주식혼합-재간접형)C-Pe","0.0000","삼성자산운용","1.240",3,"재간접투자"
"19.26","4.73","5.00","5.56","삼성한국형TDF2050UH(주식혼합-재간접형)A","1.0000","삼성자산운용","0.960",3,"재간접투자"
"19.63","4.76","5.09","5.72","삼성한국형TDF2050(주식혼합-재간접형)Ae","0.5000","삼성자산운용","0.640",3,"재간접투자"
"18.87","4.70","4.91","5.38","삼성한국형TDF2050(주식혼합-재간접형)C","0.0000","삼성자산운용","1.300",3,"재간접투자"
"19.44","4.74","5.04","5.63","삼성한국형TDF2050(주식혼합-재간접형)Ce","0.0000","삼성자산운용","0.810",3,"재간접투자"
"18.93","4.71","4.93","5.41","삼성한국형TDF2050(주식혼합-재간접형)C-P","0.0000","삼성자산운용","1.240",3,"재간접투자"
"19.47","4.75","5.05","5.65","삼성한국형TDF2050(주식혼합-재간접형)C-Pe","0.0000","삼성자산운용","0.780",3,"재간접투자"
"15.62","4.96","8.55","5.75","삼성한국형TDF2055(주식혼합-재간접형)Ae","0.5000","삼성자산운용","0.640",3,"재간접투자"
"0.00","4.96","8.56","5.82","삼성한국형TDF2055(주식혼합-재간접형)Ce","0.0000","삼성자산운용","0.810",3,"재간접투자"
"14.93","4.91","8.39","5.44","삼성한국형TDF2055(주식혼합-재간접형)C-P","0.0000","삼성자산운용","1.240",3,"재간접투자"
"15.45","4.95","8.51","5.68","삼성한국형TDF2055(주식혼합-재간접형)C-Pe","0.0000","삼성자산운용","0.780",3,"재간접투자"
"16.12","5.26","7.41","7.18","삼성글로벌선진국H(주식)A","1.0000","삼성자산운용","1.220",3,"주식형"
"16.53","5.29","7.51","7.37","삼성글로벌선진국H(주식)Ae","0.5000","삼성자산운용","0.860",3,"주식형"
"15.04","5.36","5.75","5.83","삼성글로벌선진국H(주식)Ag","0.6500","삼성자산운용","0.980",3,"주식형"
"15.45","5.21","7.25","6.87","삼성글로벌선진국H(주식)C1","0.0000","삼성자산운용","1.800",3,"주식형"
"16.09","5.28","7.21","7.03","삼성글로벌선진국H(주식)Ce","0.0000","삼성자산운용","1.000",3,"주식형"
"14.91","5.26","6.26","6.04","삼성글로벌선진국H(주식)Cg","0.0000","삼성자산운용","1.170",3,"주식형"
"14.90","5.28","6.12","5.94","삼성글로벌선진국H(주식)C-P","0.0000","삼성자산운용","1.000",3,"주식형"
"16.65","5.30","7.54","7.43","삼성글로벌선진국H(주식)C-Pe","0.0000","삼성자산운용","0.750",3,"주식형"
"16.94","5.32","7.61","7.56","삼성글로벌선진국H(주식)Cw","0.0000","삼성자산운용","0.500",3,"주식형"
"5.08","6.81","9.00","9.21","삼성글로벌배당귀족ESG(H)A","1.0000","삼성자산운용","1.090",2,"주식형"
"5.40","6.83","9.08","9.37","삼성글로벌배당귀족ESG(H)Ae","0.5000","삼성자산운용","0.780",2,"주식형"
"4.66","6.78","8.90","9.00","삼성글로벌배당귀족ESG(H)C","0.0000","삼성자산운용","1.490",2,"주식형"
"5.18","6.82","9.02","9.26","삼성글로벌배당귀족ESG(H)Ce","0.0000","삼성자산운용","0.990",2,"주식형"
"5.29","6.83","9.05","9.31","삼성글로벌배당귀족ESG(H)C-Pe","0.0000","삼성자산운용","0.890",2,"주식형"
"5.70","6.86","9.16","9.52","삼성글로벌배당귀족ESG(H)Cw","0.0000","삼성자산운용","0.490",2,"주식형"
"9.44","7.87","7.25","9.58","삼성글로벌배당귀족ESG(UH)A","1.0000","삼성자산운용","1.090",1,"주식형"
"9.77","7.89","7.33","9.75","삼성글로벌배당귀족ESG(UH)Ae","0.5000","삼성자산운용","0.780",1,"주식형"
"9.00","7.84","7.15","9.37","삼성글로벌배당귀족ESG(UH)C","0.0000","삼성자산운용","1.490",1,"주식형"
"9.54","7.88","7.28","9.64","삼성글로벌배당귀족ESG(UH)Ce","0.0000","삼성자산운용","0.990",1,"주식형"
"9.26","7.86","7.20","9.48","삼성글로벌배당귀족ESG(UH)C-P","0.0000","삼성자산운용","1.290",1,"주식형"
"9.65","7.89","7.30","9.69","삼성글로벌배당귀족ESG(UH)C-Pe","0.0000","삼성자산운용","0.890",1,"주식형"
"0.00","0.41","1.29","0.00","삼성달러표시MMF법인제1호(USD)C","0.0000","삼성자산운용","0.300",6,"MMF(법인)"
"0.00","0.42","1.32","0.00","삼성달러표시MMF법인제1호(USD)Ce","0.0000","삼성자산운용","0.200",6,"MMF(법인)"
"5.21","4.22","5.60","1.29","슈로더유로증권(주식-재간접형)A","1.0000","슈로더투신운용","2.010",2,"재간접투자"
"4.79","4.18","5.50","1.09","슈로더유로증권C1(주식-재간접형)","0.0000","슈로더투신운용","2.410",2,"재간접투자"
"5.57","4.24","5.67","1.45","슈로더유로연금C(주식-재간접)","0.0000","슈로더투신운용","1.660",2,"재간접투자"
"5.99","4.28","5.80","1.67","슈로더유로증권Ae(주식-재간접형)","0.5000","슈로더투신운용","1.260",2,"재간접투자"
"6.36","4.31","5.89","1.84","슈로더유로증권(주식-재간접형)W","0.0000","슈로더투신운용","0.910",2,"재간접투자"
"6.07","4.28","5.80","1.70","슈로더유로연금(주식-재간접)Ce","0.0000","슈로더투신운용","1.185",2,"재간접투자"
"5.83","4.27","5.76","1.59","슈로더유로증권Ce(주식-재간접형)","0.0000","슈로더투신운용","1.410",2,"재간접투자"
"15.48","4.34","7.19","7.20","신영밸류고배당증권자(주식)A","1.0000","신영자산운용","1.180",3,"주식형"
"15.29","4.33","7.14","7.11","신영밸류고배당증권자(주식)C","0.0000","신영자산운용","1.350",3,"주식형"
"13.27","4.91","7.50","6.10","신영마라톤증권형A1[주식]","1.0000","신영자산운용","1.700",3,"주식형"
"16.29","4.40","7.37","7.58","신영밸류고배당증권(주식)W","0.0000","신영자산운용","0.470",3,"주식형"
"9.02","2.24","3.95","4.22","신영밸류고배당40증권자형A(채혼)","0.6000","신영자산운용","0.890",4,"채권혼합형"
"8.61","2.21","3.85","4.02","신영밸류고배당40증권자형C(채혼)","0.0000","신영자산운용","1.270",4,"채권혼합형"
"9.08","2.24","3.97","4.25","신영밸류고배당40증권자형Ce(채혼)","0.0000","신영자산운용","0.830",4,"채권혼합형"
"9.56","2.28","4.08","4.48","신영밸류고배당40증권자형C-W(채혼)","0.0000","신영자산운용","0.390",4,"채권혼합형"
"8.69","2.22","3.88","4.07","신영밸류고배당40증권자형C-P(채혼)","0.0000","신영자산운용","1.190",4,"채권혼합형"
"15.30","4.33","7.15","7.12","신영밸류고배당증권자(주식)C-P","0.0000","신영자산운용","1.340",3,"주식형"
"11.59","5.04","7.27","5.84","신영마라톤증권(주식)C-P","0.0000","신영자산운용","1.390",2,"주식형"
"12.09","5.08","7.39","6.08","신영마라톤증권(주식)e","0.0000","신영자산운용","0.990",2,"주식형"
"15.57","4.35","7.21","7.24","신영밸류고배당증권자(주식)A-G","0.5000","신영자산운용","1.110",3,"주식형"
"15.33","4.33","7.15","7.13","신영밸류고배당증권자(주식)C-G","0.0000","신영자산운용","1.320",3,"주식형"
"11.55","5.04","7.26","5.82","신영마라톤증권(주식)C-G","0.0000","신영자산운용","1.480",2,"주식형"
"15.91","4.37","7.29","7.40","신영밸류고배당증권자(주식)Ae","0.5000","신영자산운용","0.810",3,"주식형"
"15.81","4.36","7.26","7.35","신영밸류고배당증권자(주식)e","0.0000","신영자산운용","0.895",3,"주식형"
"9.12","2.25","3.98","4.27","신영밸류고배당40증권자형C-Pe(채혼)","0.0000","신영자산운용","0.790",4,"채권혼합형"
"15.81","4.36","7.26","7.35","신영밸류고배당증권자(주식)C-Pe","0.0000","신영자산운용","0.890",3,"주식형"
"12.12","5.08","7.39","6.09","신영마라톤증권(주식)C-Pe","0.0000","신영자산운용","0.965",2,"주식형"
"9.28","2.26","4.02","4.35","신영밸류고배당40증권자형A-e(채혼)","0.3000","신영자산운용","0.640",4,"채권혼합형"
"12.25","5.09","7.43","6.16","신영마라톤증권(주식)Ae","0.5000","신영자산운용","0.840",2,"주식형"
"3.49","0.30","0.93","1.81","신한 개인용MMF C","0.0000","신한자산운용","0.430",6,"MMF(개인)"
"3.50","0.30","0.93","1.81","신한개인용MMF C-p","0.0000","신한자산운용","0.420",6,"MMF(개인)"
"-13.22","-4.73","-9.85","-12.15","신한 중국본토 인덱스(주식) A1","1.0000","신한자산운용","0.715",2,"주식형"
"-13.07","-4.72","-9.81","-12.08","신한중국본토 인덱스(주식) A-e","0.5000","신한자산운용","0.545",2,"주식형"
"-13.71","-4.78","-9.99","-12.41","신한 중국본토 인덱스(주식) C1","0.0000","신한자산운용","1.275",2,"주식형"
"-13.23","-4.73","-9.86","-12.16","신한 중국본토 인덱스(주식) C-e","0.0000","신한자산운용","0.725",2,"주식형"
"-12.92","-4.70","-9.77","-12.00","신한 중국본토 인덱스(주식) Cw","0.0000","신한자산운용","0.375",2,"주식형"
"12.15","2.84","5.01","4.21","신한삼성전자알파(채권혼합)A1","0.7000","신한자산운용","0.490",5,"채권혼합형"
"12.21","2.85","5.03","4.23","신한삼성전자알파(채권혼합)A-e","0.3500","신한자산운용","0.440",5,"채권혼합형"
"11.78","2.82","4.92","4.03","신한삼성전자알파(채권혼합)C1","0.0000","신한자산운용","0.830",5,"채권혼합형"
"12.02","2.83","4.98","4.15","신한삼성전자알파(채권혼합)C-e","0.0000","신한자산운용","0.312",5,"채권혼합형"
"11.88","2.82","4.95","4.08","신한삼성전자알파(채권혼합)C-p","0.0000","신한자산운용","0.740",5,"채권혼합형"
"12.07","2.84","4.99","4.17","신한삼성전자알파(채권혼합)C-pe","0.0000","신한자산운용","0.560",5,"채권혼합형"
"12.26","2.85","5.04","4.26","신한삼성전자알파(채권혼합)C-w","0.0000","신한자산운용","0.390",5,"채권혼합형"
"6.36","0.76","1.76","2.79","신한베스트크레딧단기채권A1","0.3000","신한자산운용","0.230",5,"채권형"
"6.41","0.76","1.78","2.82","신한베스트크레딧단기채권A-e","0.1500","신한자산운용","0.180",5,"채권형"
"6.20","0.74","1.72","2.71","신한베스트크레딧단기채권C","0.0000","신한자산운용","0.380",5,"채권형"
"6.33","0.75","1.76","2.78","신한베스트크레딧단기채권C-e","0.0000","신한자산운용","0.255",5,"채권형"
"1.82","-3.45","-2.51","-1.55","신한베스트크레딧단기채권C-p","0.0000","신한자산운용","0.330",5,"채권형"
"2.78","-2.63","-1.66","-0.66","신한베스트크레딧단기채권C-pe","0.0000","신한자산운용","0.230",5,"채권형"
"2.96","-0.05","-1.22","-0.41","신한코리아롱숏A1","1.0000","신한자산운용","1.390",4,"주식형"
"3.31","-0.02","-1.14","-0.23","신한코리아롱숏A-e","0.5000","신한자산운용","1.040",4,"주식형"
"3.16","-0.03","-1.17","-0.31","신한코리아롱숏C-e","0.0000","신한자산운용","1.190",4,"주식형"
"2.82","-0.06","-1.26","-0.48","신한코리아롱숏C-p","0.0000","신한자산운용","1.530",4,"주식형"
"3.24","-0.03","-1.15","-0.27","신한코리아롱숏C-pe","0.0000","신한자산운용","1.110",4,"주식형"
"3.60","0.01","-1.04","-0.05","신한코리아롱숏C-w","0.0000","신한자산운용","0.690",4,"주식형"
"1.90","-3.56","-2.58","-1.57","신한베스트크레딧단기채권C-w","0.0000","신한자산운용","0.130",5,"채권형"
"2.45","-0.09","-1.35","-0.66","신한코리아롱숏C1","0.0000","신한자산운용","1.890",4,"주식형"
"0.00","-0.04","-1.22","-0.36","신한코리아롱숏청년형(주식)A1","1.0000","신한자산운용","1.390",2,"주식형"
"0.00","-0.02","-1.16","-0.25","신한코리아롱숏청년형(주식)A-e","0.5000","신한자산운용","1.040",2,"주식형"
"0.00","0.00","-1.08","-0.09","신한코리아롱숏청년형(주식)C1","0.0000","신한자산운용","1.690",2,"주식형"
"0.00","-0.04","-1.20","-0.31","신한코리아롱숏청년형(주식)C-e","0.0000","신한자산운용","1.690",2,"주식형"
"0.00","2.75","0.04","0.00","신한누버거버먼미국가치주(H)A1","1.0000","신한자산운용","1.000",2,"재간접투자"
"0.00","2.78","0.13","0.00","신한누버거버먼미국가치주(H)A-e","0.5000","신한자산운용","0.675",2,"재간접투자"
"0.00","2.73","-0.04","0.00","신한누버거버먼미국가치주(H)C1","0.0000","신한자산운용","1.350",2,"재간접투자"
"0.00","2.77","0.08","0.00","신한누버거버먼미국가치주(H)C-e","0.0000","신한자산운용","0.850",2,"재간접투자"
"0.00","2.76","0.06","0.00","신한누버거버먼미국가치주(H)C-p","0.0000","신한자산운용","1.040",2,"재간접투자"
"0.00","2.78","0.12","0.00","신한누버거버먼미국가치주(H)C-pe","0.0000","신한자산운용","0.695",2,"재간접투자"
"0.00","2.81","0.21","0.00","신한누버거버먼미국가치주(H)C-w","0.0000","신한자산운용","0.350",2,"재간접투자"
"3.32","0.28","0.85","1.66","IBK그랑프리국공채MMF개인C","0.0000","아이비케이자산운용","0.400",6,"MMF(개인)"
"3.64","0.31","0.95","1.84","IBK그랑프리국공채MMF법인C","0.0000","아이비케이자산운용","0.170",6,"MMF(법인)"
"5.24","1.59","3.09","2.99","IBK 국공채증권(채권)C1","0.0000","아이비케이자산운용","0.478",5,"채권형"
"5.24","1.59","3.09","2.99","IBK그랑프리국공채증권C(채권)","0.0000","아이비케이자산운용","0.478",5,"채권형"
"24.30","7.38","12.37","8.94","IBK KOSPI200인덱스증권자1호(주식)A","0.5000","아이비케이자산운용","0.400",2,"주식형"
"23.94","7.36","12.29","8.78","IBK KOSPI200인덱스증권자1호(주식)C","0.0000","아이비케이자산운용","0.700",2,"주식형"
"20.24","5.14","6.91","4.86","IBK그랑프리한국대표A(주식)","1.0000","아이비케이자산운용","1.550",2,"주식형"
"20.96","5.19","7.07","5.18","IBK그랑프리한국대표Ae(주식)","1.0000","아이비케이자산운용","0.955",2,"주식형"
"24.01","7.81","11.90","8.33","IBK KRX100인덱스A(주식","0.5000","아이비케이자산운용","0.800",2,"주식형"
"8.69","3.87","5.34","-6.73","IBK럭셔리라이프스타일A(주식)","1.0000","아이비케이자산운용","2.090",2,"주식형"
"8.59","3.86","5.32","-6.78","IBK럭셔리라이프스타일(주식)C1","0.0000","아이비케이자산운용","2.190",2,"주식형"
"4.84","5.15","7.12","5.47","IBK골드마이닝증권형자1호(주식)A","1.0000","아이비케이자산운용","2.090",2,"주식형"
"4.74","5.15","7.10","5.42","IBK골드마이닝증권형자1호(주식)C1","0.0000","아이비케이자산운용","2.190",2,"주식형"
"14.45","2.84","-4.85","1.87","IBK베트남플러스아시아[주식]A","1.0000","아이비케이자산운용","2.090",1,"주식형"
"14.34","2.83","-4.88","1.82","IBK베트남플러스아시아[주식]C1","0.0000","아이비케이자산운용","2.190",1,"주식형"
"14.45","2.84","-4.85","1.87","IBK베트남플러스아시아[주식]Ce","0.0000","아이비케이자산운용","2.090",1,"주식형"
"20.30","5.96","8.66","4.00","IBK평생설계연금(주식)C","0.0000","아이비케이자산운용","1.520",2,"주식형"
"4.10","0.51","1.27","2.06","IBK단기국공채증권C(채권)","0.0000","아이비케이자산운용","0.240",6,"채권형"
"5.76","0.58","1.54","2.70","IBK단기채증권자투자신탁A[채권]","0.0400","아이비케이자산운용","0.200",6,"채권형"
"5.72","0.58","1.53","2.68","IBK단기채증권자투자신탁C1[채권]","0.0000","아이비케이자산운용","0.230",6,"채권형"
"5.76","0.58","1.54","2.70","IBK단기채증권자투자신탁(채권)Ce","0.0000","아이비케이자산운용","0.200",6,"채권형"
"5.23","1.59","3.09","2.99","IBK평생설계연금증권(국공채)C","0.0000","아이비케이자산운용","0.495",5,"채권형"
"14.24","4.35","6.54","3.53","IBK평생설계연금(주식혼합)C","0.0000","아이비케이자산운용","1.360",3,"주식혼합형"
"14.74","4.39","6.66","3.76","IBK평생설계연금(주식혼합)E","0.0000","아이비케이자산운용","0.915",3,"주식혼합형"
"3.33","0.28","0.85","1.67","IBK그랑프리MMF개인C-P","0.0000","아이비케이자산운용","0.390",6,"MMF(개인)"
"42.13","14.44","20.73","12.13","IBK 2.0배인덱스파생A","1.0000","아이비케이자산운용","0.683",1,"파생상품"
"41.09","14.37","20.51","11.72","IBK 2.0배인덱스파생C","0.0000","아이비케이자산운용","1.443",1,"파생상품"
"41.77","14.42","20.65","11.99","IBK 2.0배인덱스파생Ce","0.0000","아이비케이자산운용","0.943",1,"파생상품"
"22.14","2.03","8.58","8.16","IBK단기국공채공모주A[채혼]","0.4000","아이비케이자산운용","0.615",5,"채권혼합형"
"21.83","2.01","8.52","8.02","IBK단기국공채공모주C[채혼]","0.0000","아이비케이자산운용","0.875",5,"채권혼합형"
"21.90","4.11","11.02","3.49","IBK평생설계다보스글로벌연금C","0.0000","아이비케이자산운용","1.510",2,"주식형"
"4.28","0.52","1.32","2.15","IBK SaveAsset단기국공채(채권)C-W","0.0000","아이비케이자산운용","0.075",6,"채권형"
"5.55","1.61","3.16","3.14","IBK SaveAsset국공채증권(채권)C-W","0.0000","아이비케이자산운용","0.177",5,"채권형"
"5.87","0.59","1.57","2.76","IBK SaveAsset 단기채증권(채권)C-W","0.0000","아이비케이자산운용","0.080",6,"채권형"
"8.70","1.48","2.82","2.84","IBK SaveAsset중소형주코리아20C-W(채혼)","0.0000","아이비케이자산운용","0.345",5,"채권혼합형"
"13.22","2.60","9.66","8.75","IBK SaveAsset가치형롱숏C-W(채혼)","0.0000","아이비케이자산운용","0.329",4,"채권혼합형"
"24.42","7.39","12.40","8.99","IBK KOSPI200인덱스C-W","0.0000","아이비케이자산운용","0.300",2,"주식형"
"4.84","5.16","7.12","5.47","IBK골드마이닝증권형자1호(주식)Ce","0.0000","아이비케이자산운용","2.090",2,"주식형"
"22.44","4.15","11.14","3.72","IBK평생설계다보스글로벌연금Ce","0.0000","아이비케이자산운용","1.060",2,"주식형"
"20.86","6.00","8.78","4.25","IBK평생설계연금(주식)Ce","0.0000","아이비케이자산운용","1.050",2,"주식형"
"0.73","-2.88","-2.12","-1.31","IBK단기국공채증권C-f(채권)","0.0000","아이비케이자산운용","0.090",6,"채권형"
"5.33","1.60","3.11","3.03","IBK그랑프리국공채증권A1(채권)","0.2000","아이비케이자산운용","0.390",5,"채권형"
"5.42","1.61","3.13","3.07","IBK그랑프리국공채증권Ae(채권)","0.1000","아이비케이자산운용","0.310",5,"채권형"
"5.39","1.60","3.13","3.06","IBK그랑프리국공채증권Ce(채권)","0.0000","아이비케이자산운용","0.334",5,"채권형"
"5.38","1.60","3.12","3.06","IBK그랑프리국공채증권A-G(채권)","0.1500","아이비케이자산운용","0.350",5,"채권형"
"5.32","1.60","3.11","3.03","IBK그랑프리국공채증권C-G(채권)","0.0000","아이비케이자산운용","0.406",5,"채권형"
"4.15","0.51","1.28","2.09","IBK단기국공채증권C-G(채권)","0.0000","아이비케이자산운용","0.200",6,"채권형"
"24.34","7.38","12.38","8.96","IBK KOSPI200인덱스1호(주식)A-G","0.3700","아이비케이자산운용","0.370",2,"주식형"
"15.01","2.88","-4.73","2.13","IBK베트남플러스아시아[주식]A-G","0.7500","아이비케이자산운용","1.590",1,"주식형"
"14.45","2.84","-4.85","1.87","IBK베트남플러스아시아[주식]C-G","0.0000","아이비케이자산운용","2.090",1,"주식형"
"15.56","2.92","-4.60","2.37","IBK베트남플러스아시아[주식]C-W","0.0000","아이비케이자산운용","1.090",1,"주식형"
"24.25","7.83","11.95","8.43","IBK KRX100인덱스Ae(주식)","0.2500","아이비케이자산운용","0.610",2,"주식형"